{"cameraMode":{"drawMode":0,"name":"Shaded","section":"Shading Mode"},"sceneLighting":false,"audioPlay":false,"sceneViewState":{"m_AlwaysRefresh":false,"showFog":true,"showSkybox":false,"showFlares":true,"showImageEffects":true,"showParticleSystems":true,"showVisualEffectGraphs":true,"m_FxEnabled":true},"in2DMode":false,"pivot":{"x":-0.1456412672996521,"y":-0.24170251190662385,"z":-0.21916437149047852},"rotation":{"x":0.24017201364040376,"y":-0.4306936264038086,"z":0.12000785768032074,"w":0.8616771101951599},"size":0.5595492720603943,"orthographic":false}