{"cameraMode":{"drawMode":0,"name":"Shaded","section":"Shading Mode"},"sceneLighting":false,"audioPlay":false,"sceneViewState":{"m_AlwaysRefresh":false,"showFog":true,"showSkybox":false,"showFlares":true,"showImageEffects":true,"showParticleSystems":true,"showVisualEffectGraphs":true,"m_FxEnabled":true},"in2DMode":false,"pivot":{"x":-3.1730000972747804,"y":0.7739999294281006,"z":0.49587833881378176},"rotation":{"x":-0.36866793036460879,"y":0.30150285363197329,"z":-0.12775693833827973,"w":-0.8700107336044312},"size":0.4330126941204071,"orthographic":false}